{"cameraMode":{"drawMode":0,"name":"Shaded","section":"Shading Mode"},"sceneLighting":true,"audioPlay":false,"sceneViewState":{"m_AlwaysRefresh":false,"showFog":true,"showSkybox":true,"showFlares":true,"showImageEffects":true,"showParticleSystems":true,"showVisualEffectGraphs":true,"m_FxEnabled":true},"in2DMode":false,"pivot":{"x":1.5437042713165284,"y":0.6586174964904785,"z":-3.764094591140747},"rotation":{"x":0.37728649377822878,"y":-0.44413521885871889,"z":0.21372093260288239,"w":0.7840440273284912},"size":3.555544376373291,"orthographic":false}