{"cameraMode":{"drawMode":0,"name":"Shaded","section":"Shading Mode"},"sceneLighting":false,"audioPlay":false,"sceneViewState":{"m_AlwaysRefresh":false,"showFog":true,"showSkybox":true,"showFlares":true,"showImageEffects":true,"showParticleSystems":true,"showVisualEffectGraphs":true,"m_FxEnabled":true},"in2DMode":false,"pivot":{"x":-13.982824325561524,"y":-3.186923027038574,"z":6.938957214355469},"rotation":{"x":0.07272148132324219,"y":-0.055324144661426547,"z":0.004040227271616459,"w":0.9958087801933289},"size":34.747161865234378,"orthographic":false}