{"cameraMode":{"drawMode":0,"name":"Shaded","section":"Shading Mode"},"sceneLighting":false,"audioPlay":false,"sceneViewState":{"m_AlwaysRefresh":false,"showFog":true,"showSkybox":true,"showFlares":true,"showImageEffects":true,"showParticleSystems":true,"showVisualEffectGraphs":true,"m_FxEnabled":true},"in2DMode":false,"pivot":{"x":-3.2262802124023439,"y":13.082204818725586,"z":3.346184730529785},"rotation":{"x":-0.010506268590688706,"y":-0.6278786659240723,"z":-0.00847686268389225,"w":0.7781937718391419},"size":22.615747451782228,"orthographic":false}