{"cameraMode":{"drawMode":0,"name":"Shaded","section":"Shading Mode"},"sceneLighting":false,"audioPlay":false,"sceneViewState":{"m_AlwaysRefresh":false,"showFog":true,"showSkybox":true,"showFlares":true,"showImageEffects":true,"showParticleSystems":true,"showVisualEffectGraphs":true,"m_FxEnabled":true},"in2DMode":false,"pivot":{"x":5.048193454742432,"y":19.10690689086914,"z":35.383445739746097},"rotation":{"x":0.19082127511501313,"y":-0.004126452840864658,"z":0.0008024042472243309,"w":0.9816164970397949},"size":72.46256256103516,"orthographic":false}