{"cameraMode":{"drawMode":0,"name":"Shaded","section":"Shading Mode"},"sceneLighting":false,"audioPlay":false,"sceneViewState":{"m_AlwaysRefresh":false,"showFog":true,"showSkybox":true,"showFlares":true,"showImageEffects":true,"showParticleSystems":true,"showVisualEffectGraphs":true,"m_FxEnabled":true},"in2DMode":false,"pivot":{"x":-15.17792797088623,"y":1.6614007949829102,"z":7.522491455078125},"rotation":{"x":0.07272148132324219,"y":-0.055324144661426547,"z":0.004040227271616459,"w":0.9958087801933289},"size":27.93947410583496,"orthographic":false}