{"cameraMode":{"drawMode":0,"name":"Shaded","section":"Shading Mode"},"sceneLighting":false,"audioPlay":false,"sceneViewState":{"m_AlwaysRefresh":false,"showFog":true,"showSkybox":true,"showFlares":true,"showImageEffects":true,"showParticleSystems":true,"showVisualEffectGraphs":true,"m_FxEnabled":true},"in2DMode":false,"pivot":{"x":6.012681007385254,"y":-7.9884443283081059,"z":9.737892150878907},"rotation":{"x":0.19226814806461335,"y":0.016482068225741388,"z":-0.0032294534612447025,"w":0.9811993837356567},"size":63.2053337097168,"orthographic":false}