{"cameraMode":{"drawMode":0,"name":"Shaded","section":"Shading Mode"},"sceneLighting":true,"audioPlay":false,"sceneViewState":{"m_AlwaysRefresh":false,"showFog":true,"showSkybox":true,"showFlares":true,"showImageEffects":true,"showParticleSystems":true,"showVisualEffectGraphs":true,"m_FxEnabled":true},"in2DMode":false,"pivot":{"x":1.2016611099243165,"y":2.5154576301574709,"z":1.2148675918579102},"rotation":{"x":0.13545390963554383,"y":0.3038337826728821,"z":-0.043687596917152408,"w":0.9420365691184998},"size":7.87944221496582,"orthographic":false}