{"cameraMode":{"drawMode":0,"name":"Shaded","section":"Shading Mode"},"sceneLighting":true,"audioPlay":false,"sceneViewState":{"m_AlwaysRefresh":false,"showFog":true,"showSkybox":true,"showFlares":true,"showImageEffects":true,"showParticleSystems":true,"showVisualEffectGraphs":true,"m_FxEnabled":true},"in2DMode":false,"pivot":{"x":-0.09054183959960938,"y":2.2742247581481935,"z":1.0194263458251954},"rotation":{"x":0.16988496482372285,"y":0.19806723296642304,"z":-0.03487880527973175,"w":0.964725911617279},"size":6.607396125793457,"orthographic":false}