{"cameraMode":{"drawMode":0,"name":"Shaded","section":"Shading Mode"},"sceneLighting":false,"audioPlay":false,"sceneViewState":{"m_AlwaysRefresh":false,"showFog":true,"showSkybox":true,"showFlares":true,"showImageEffects":true,"showParticleSystems":true,"showVisualEffectGraphs":true,"m_FxEnabled":true},"in2DMode":false,"pivot":{"x":0.24376165866851808,"y":5.916772365570068,"z":-22.376672744750978},"rotation":{"x":0.1364767849445343,"y":-0.23620954155921937,"z":0.03352612257003784,"w":0.9614930152893066},"size":3.7154123783111574,"orthographic":false}