{"cameraMode":{"drawMode":0,"name":"Shaded","section":"Shading Mode"},"sceneLighting":false,"audioPlay":false,"sceneViewState":{"m_AlwaysRefresh":false,"showFog":true,"showSkybox":false,"showFlares":true,"showImageEffects":true,"showParticleSystems":true,"showVisualEffectGraphs":true,"m_FxEnabled":true},"in2DMode":false,"pivot":{"x":3.467912197113037,"y":-1.0142240524291993,"z":-2.2880630493164064},"rotation":{"x":0.4165536165237427,"y":-0.029991256073117257,"z":0.01375281810760498,"w":0.908519446849823},"size":10.208189010620118,"orthographic":false}